<?xml version='1.0' encoding='utf-8'?>
<project xmlns:ns1="http://www.plcopen.org/xml/tc6_0201" xmlns:xhtml="http://www.w3.org/1999/xhtml" xmlns:xsd="http://www.w3.org/2001/XMLSchema" xmlns="http://www.plcopen.org/xml/tc6_0201">
  <fileHeader companyName="Unknown" productName="Unnamed" productVersion="1" creationDateTime="2022-08-16T15:49:17"/>
  <contentHeader name="Unnamed" modificationDateTime="2024-12-07T13:13:02">
    <coordinateInfo>
      <fbd>
        <scaling x="10" y="10"/>
      </fbd>
      <ld>
        <scaling x="10" y="10"/>
      </ld>
      <sfc>
        <scaling x="10" y="10"/>
      </sfc>
    </coordinateInfo>
  </contentHeader>
  <types>
    <dataTypes/>
    <pous>
      <pou name="Annunciator_LED_Controller" pouType="program">
        <interface>
          <localVars>
            <variable name="Alarm_Condition" address="%IX0.1">
              <type>
                <BOOL/>
              </type>
            </variable>
            <variable name="blink_led" address="%QX0.0">
              <type>
                <BOOL/>
              </type>
            </variable>
          </localVars>
          <localVars>
            <variable name="TON0">
              <type>
                <derived name="TON"/>
              </type>
            </variable>
            <variable name="TOF0">
              <type>
                <derived name="TOF"/>
              </type>
            </variable>
          </localVars>
        </interface>
        <body>
          <LD>
            <leftPowerRail localId="1" height="800" width="10">
              <position x="90" y="110"/>
              <connectionPointOut formalParameter="">
                <relPosition x="10" y="20"/>
              </connectionPointOut>
              <connectionPointOut formalParameter="">
                <relPosition x="10" y="60"/>
              </connectionPointOut>
              <connectionPointOut formalParameter="">
                <relPosition x="10" y="100"/>
              </connectionPointOut>
              <connectionPointOut formalParameter="">
                <relPosition x="10" y="140"/>
              </connectionPointOut>
              <connectionPointOut formalParameter="">
                <relPosition x="10" y="180"/>
              </connectionPointOut>
              <connectionPointOut formalParameter="">
                <relPosition x="10" y="220"/>
              </connectionPointOut>
              <connectionPointOut formalParameter="">
                <relPosition x="10" y="260"/>
              </connectionPointOut>
              <connectionPointOut formalParameter="">
                <relPosition x="10" y="300"/>
              </connectionPointOut>
              <connectionPointOut formalParameter="">
                <relPosition x="10" y="340"/>
              </connectionPointOut>
              <connectionPointOut formalParameter="">
                <relPosition x="10" y="380"/>
              </connectionPointOut>
              <connectionPointOut formalParameter="">
                <relPosition x="10" y="420"/>
              </connectionPointOut>
              <connectionPointOut formalParameter="">
                <relPosition x="10" y="460"/>
              </connectionPointOut>
              <connectionPointOut formalParameter="">
                <relPosition x="10" y="500"/>
              </connectionPointOut>
              <connectionPointOut formalParameter="">
                <relPosition x="10" y="540"/>
              </connectionPointOut>
              <connectionPointOut formalParameter="">
                <relPosition x="10" y="580"/>
              </connectionPointOut>
              <connectionPointOut formalParameter="">
                <relPosition x="10" y="620"/>
              </connectionPointOut>
              <connectionPointOut formalParameter="">
                <relPosition x="10" y="660"/>
              </connectionPointOut>
              <connectionPointOut formalParameter="">
                <relPosition x="10" y="700"/>
              </connectionPointOut>
              <connectionPointOut formalParameter="">
                <relPosition x="10" y="740"/>
              </connectionPointOut>
              <connectionPointOut formalParameter="">
                <relPosition x="10" y="780"/>
              </connectionPointOut>
            </leftPowerRail>
            <rightPowerRail localId="2" height="800" width="10">
              <position x="990" y="110"/>
              <connectionPointIn>
                <relPosition x="0" y="20"/>
              </connectionPointIn>
              <connectionPointIn>
                <relPosition x="0" y="60"/>
                <connection refLocalId="4" formalParameter="ENO">
                  <position x="990" y="170"/>
                  <position x="730" y="170"/>
                </connection>
              </connectionPointIn>
              <connectionPointIn>
                <relPosition x="0" y="100"/>
                <connection refLocalId="6">
                  <position x="990" y="210"/>
                  <position x="850" y="210"/>
                </connection>
              </connectionPointIn>
              <connectionPointIn>
                <relPosition x="0" y="140"/>
              </connectionPointIn>
              <connectionPointIn>
                <relPosition x="0" y="180"/>
              </connectionPointIn>
              <connectionPointIn>
                <relPosition x="0" y="220"/>
              </connectionPointIn>
              <connectionPointIn>
                <relPosition x="0" y="260"/>
              </connectionPointIn>
              <connectionPointIn>
                <relPosition x="0" y="300"/>
              </connectionPointIn>
              <connectionPointIn>
                <relPosition x="0" y="340"/>
              </connectionPointIn>
              <connectionPointIn>
                <relPosition x="0" y="380"/>
              </connectionPointIn>
              <connectionPointIn>
                <relPosition x="0" y="420"/>
              </connectionPointIn>
              <connectionPointIn>
                <relPosition x="0" y="460"/>
              </connectionPointIn>
              <connectionPointIn>
                <relPosition x="0" y="500"/>
              </connectionPointIn>
              <connectionPointIn>
                <relPosition x="0" y="540"/>
              </connectionPointIn>
              <connectionPointIn>
                <relPosition x="0" y="580"/>
              </connectionPointIn>
              <connectionPointIn>
                <relPosition x="0" y="620"/>
              </connectionPointIn>
              <connectionPointIn>
                <relPosition x="0" y="660"/>
              </connectionPointIn>
              <connectionPointIn>
                <relPosition x="0" y="700"/>
              </connectionPointIn>
              <connectionPointIn>
                <relPosition x="0" y="740"/>
              </connectionPointIn>
              <connectionPointIn>
                <relPosition x="0" y="780"/>
              </connectionPointIn>
            </rightPowerRail>
            <block localId="3" typeName="TON" instanceName="TON0" height="140" width="90">
              <position x="350" y="130"/>
              <inputVariables>
                <variable formalParameter="EN">
                  <connectionPointIn>
                    <relPosition x="0" y="40"/>
                    <connection refLocalId="10">
                      <position x="350" y="170"/>
                      <position x="210" y="170"/>
                    </connection>
                  </connectionPointIn>
                </variable>
                <variable formalParameter="IN">
                  <connectionPointIn>
                    <relPosition x="0" y="80"/>
                    <connection refLocalId="5">
                      <position x="350" y="210"/>
                      <position x="210" y="210"/>
                    </connection>
                  </connectionPointIn>
                </variable>
                <variable formalParameter="PT">
                  <connectionPointIn>
                    <relPosition x="0" y="120"/>
                    <connection refLocalId="7">
                      <position x="350" y="250"/>
                      <position x="310" y="250"/>
                    </connection>
                  </connectionPointIn>
                </variable>
              </inputVariables>
              <inOutVariables/>
              <outputVariables>
                <variable formalParameter="ENO">
                  <connectionPointOut>
                    <relPosition x="90" y="40"/>
                  </connectionPointOut>
                </variable>
                <variable formalParameter="Q">
                  <connectionPointOut>
                    <relPosition x="90" y="80"/>
                  </connectionPointOut>
                </variable>
                <variable formalParameter="ET">
                  <connectionPointOut>
                    <relPosition x="90" y="120"/>
                  </connectionPointOut>
                </variable>
              </outputVariables>
            </block>
            <block localId="4" typeName="TOF" instanceName="TOF0" height="140" width="90" executionOrderId="0">
              <position x="640" y="130"/>
              <inputVariables>
                <variable formalParameter="EN">
                  <connectionPointIn>
                    <relPosition x="0" y="40"/>
                    <connection refLocalId="3" formalParameter="ENO">
                      <position x="640" y="170"/>
                      <position x="440" y="170"/>
                    </connection>
                  </connectionPointIn>
                </variable>
                <variable formalParameter="IN">
                  <connectionPointIn>
                    <relPosition x="0" y="80"/>
                    <connection refLocalId="3" formalParameter="Q">
                      <position x="640" y="210"/>
                      <position x="440" y="210"/>
                    </connection>
                  </connectionPointIn>
                </variable>
                <variable formalParameter="PT">
                  <connectionPointIn>
                    <relPosition x="0" y="120"/>
                    <connection refLocalId="8">
                      <position x="640" y="250"/>
                      <position x="590" y="250"/>
                    </connection>
                  </connectionPointIn>
                </variable>
              </inputVariables>
              <inOutVariables/>
              <outputVariables>
                <variable formalParameter="ENO">
                  <connectionPointOut>
                    <relPosition x="90" y="40"/>
                  </connectionPointOut>
                </variable>
                <variable formalParameter="Q">
                  <connectionPointOut>
                    <relPosition x="90" y="80"/>
                  </connectionPointOut>
                </variable>
                <variable formalParameter="ET">
                  <connectionPointOut>
                    <relPosition x="90" y="120"/>
                  </connectionPointOut>
                </variable>
              </outputVariables>
            </block>
            <contact localId="5" height="20" width="30" negated="true">
              <position x="180" y="200"/>
              <connectionPointIn>
                <relPosition x="0" y="10"/>
                <connection refLocalId="1">
                  <position x="180" y="210"/>
                  <position x="100" y="210"/>
                </connection>
              </connectionPointIn>
              <connectionPointOut>
                <relPosition x="30" y="10"/>
              </connectionPointOut>
              <variable>blink_led</variable>
            </contact>
            <coil localId="6" height="20" width="30" negated="false">
              <position x="820" y="200"/>
              <connectionPointIn>
                <relPosition x="0" y="10"/>
                <connection refLocalId="4" formalParameter="Q">
                  <position x="820" y="210"/>
                  <position x="730" y="210"/>
                </connection>
              </connectionPointIn>
              <connectionPointOut>
                <relPosition x="30" y="10"/>
              </connectionPointOut>
              <variable>blink_led</variable>
            </coil>
            <inVariable localId="7" height="40" width="70" negated="false">
              <position x="240" y="230"/>
              <connectionPointOut>
                <relPosition x="70" y="20"/>
              </connectionPointOut>
              <expression>T#500ms</expression>
            </inVariable>
            <inVariable localId="8" height="40" width="70" negated="false" executionOrderId="0">
              <position x="520" y="230"/>
              <connectionPointOut>
                <relPosition x="70" y="20"/>
              </connectionPointOut>
              <expression>T#500ms</expression>
            </inVariable>
            <comment localId="9" height="70" width="910">
              <position x="90" y="20"/>
              <content>
                <xhtml:p><![CDATA[This example cascades two timers (TON and TOF) to generate a square wave. The width of the wave is determined by the size of the PT variable on both timers.]]></xhtml:p>
              </content>
            </comment>
            <contact localId="10" negated="false" width="21" height="20">
              <position x="190" y="160"/>
              <connectionPointIn>
                <relPosition x="0" y="10"/>
                <connection refLocalId="1">
                  <position x="190" y="170"/>
                  <position x="100" y="170"/>
                </connection>
              </connectionPointIn>
              <connectionPointOut>
                <relPosition x="21" y="10"/>
              </connectionPointOut>
              <variable>Alarm_Condition</variable>
            </contact>
          </LD>
        </body>
      </pou>
    </pous>
  </types>
  <instances>
    <configurations>
      <configuration name="Config0">
        <resource name="Res0">
          <task name="task0" priority="0" interval="T#20ms">
            <pouInstance name="instance0" typeName="Annunciator_LED_Controller"/>
          </task>
        </resource>
      </configuration>
    </configurations>
  </instances>
</project>
