{
  "baud": "115200",
  "board_type": "ESP32 Generic",
  "com_port": "COM3",
  "dns": "8.8.8.8",
  "gateway": "192.168.1.1",
  "ip": "192.168.1.195",
  "last_modified": 1733711398.3034992,
  "last_update": 1733711173.6971486,
  "mac": "0xDE, 0xAD, 0xBE, 0xEF, 0xDE, 0xAD",
  "mb_serial": false,
  "mb_tcp": false,
  "pwd": "password",
  "serial_iface": "Serial",
  "slaveid": "1",
  "ssid": "",
  "subnet": "255.255.255.0",
  "tcp_iface": "WiFi",
  "txpin": "-1",
  "user_ain": "34, 35, 36, 39",
  "user_aout": "25, 26",
  "user_din": "17, 18, 19, 21, 22, 23, 27, 32, 33",
  "user_dout": "02, 04, 05, 12, 13, 14, 15, 16"
}