<?xml version='1.0' encoding='utf-8'?>
<project xmlns:ns1="http://www.plcopen.org/xml/tc6_0201" xmlns:xhtml="http://www.w3.org/1999/xhtml" xmlns:xsd="http://www.w3.org/2001/XMLSchema" xmlns="http://www.plcopen.org/xml/tc6_0201">
  <fileHeader companyName="Unknown" productName="Unnamed" productVersion="1" creationDateTime="2022-01-15T11:48:10"/>
  <contentHeader name="Unnamed" modificationDateTime="2024-12-08T20:03:54">
    <coordinateInfo>
      <fbd>
        <scaling x="10" y="10"/>
      </fbd>
      <ld>
        <scaling x="10" y="10"/>
      </ld>
      <sfc>
        <scaling x="10" y="10"/>
      </sfc>
    </coordinateInfo>
  </contentHeader>
  <types>
    <dataTypes/>
    <pous>
      <pou name="Timer_ON" pouType="program">
        <interface>
          <localVars>
            <variable name="X100" address="%IX0.1">
              <type>
                <BOOL/>
              </type>
              <documentation>
                <xhtml:p><![CDATA[PB_Switch1 (GPIO18: ESP32)]]></xhtml:p>
              </documentation>
            </variable>
            <variable name="Y100" address="%QX0.0">
              <type>
                <BOOL/>
              </type>
              <documentation>
                <xhtml:p><![CDATA[LED (GPIO2: ESP32)]]></xhtml:p>
              </documentation>
            </variable>
          </localVars>
          <localVars>
            <variable name="TON0">
              <type>
                <derived name="TON"/>
              </type>
              <documentation>
                <xhtml:p><![CDATA[Timer_ON Delay]]></xhtml:p>
              </documentation>
            </variable>
          </localVars>
        </interface>
        <body>
          <LD>
            <leftPowerRail localId="1" height="40" width="10">
              <position x="140" y="50"/>
              <connectionPointOut formalParameter="">
                <relPosition x="10" y="20"/>
              </connectionPointOut>
            </leftPowerRail>
            <contact localId="2" height="20" width="21" negated="false">
              <position x="240" y="60"/>
              <connectionPointIn>
                <relPosition x="0" y="10"/>
                <connection refLocalId="1">
                  <position x="240" y="70"/>
                  <position x="150" y="70"/>
                </connection>
              </connectionPointIn>
              <connectionPointOut>
                <relPosition x="21" y="10"/>
              </connectionPointOut>
              <variable>X100</variable>
            </contact>
            <coil localId="3" height="20" width="21" negated="false">
              <position x="490" y="60"/>
              <connectionPointIn>
                <relPosition x="0" y="10"/>
                <connection refLocalId="5" formalParameter="Q">
                  <position x="490" y="70"/>
                  <position x="390" y="70"/>
                </connection>
              </connectionPointIn>
              <connectionPointOut>
                <relPosition x="21" y="10"/>
              </connectionPointOut>
              <variable>Y100</variable>
            </coil>
            <rightPowerRail localId="4" height="40" width="10">
              <position x="570" y="50"/>
              <connectionPointIn>
                <relPosition x="0" y="20"/>
                <connection refLocalId="3">
                  <position x="570" y="70"/>
                  <position x="510" y="70"/>
                </connection>
              </connectionPointIn>
            </rightPowerRail>
            <block localId="5" typeName="TON" instanceName="TON0" height="60" width="50">
              <position x="340" y="40"/>
              <inputVariables>
                <variable formalParameter="IN">
                  <connectionPointIn>
                    <relPosition x="0" y="30"/>
                    <connection refLocalId="2">
                      <position x="340" y="70"/>
                      <position x="260" y="70"/>
                    </connection>
                  </connectionPointIn>
                </variable>
                <variable formalParameter="PT">
                  <connectionPointIn>
                    <relPosition x="0" y="50"/>
                    <connection refLocalId="6">
                      <position x="340" y="90"/>
                      <position x="315" y="90"/>
                      <position x="315" y="120"/>
                      <position x="290" y="120"/>
                    </connection>
                  </connectionPointIn>
                </variable>
              </inputVariables>
              <inOutVariables/>
              <outputVariables>
                <variable formalParameter="Q">
                  <connectionPointOut>
                    <relPosition x="50" y="30"/>
                  </connectionPointOut>
                </variable>
                <variable formalParameter="ET">
                  <connectionPointOut>
                    <relPosition x="50" y="50"/>
                  </connectionPointOut>
                </variable>
              </outputVariables>
            </block>
            <inVariable localId="6" height="30" width="80" negated="false">
              <position x="210" y="100"/>
              <connectionPointOut>
                <relPosition x="80" y="20"/>
              </connectionPointOut>
              <expression>T#1000ms</expression>
            </inVariable>
          </LD>
        </body>
      </pou>
    </pous>
  </types>
  <instances>
    <configurations>
      <configuration name="Config0">
        <resource name="Res0">
          <task name="task0" priority="0" interval="T#20ms">
            <pouInstance name="instance0" typeName="Timer_ON"/>
          </task>
        </resource>
      </configuration>
    </configurations>
  </instances>
</project>
