<?xml version='1.0' encoding='utf-8'?>
<project xmlns:ns1="http://www.plcopen.org/xml/tc6_0201" xmlns:xhtml="http://www.w3.org/1999/xhtml" xmlns:xsd="http://www.w3.org/2001/XMLSchema" xmlns="http://www.plcopen.org/xml/tc6_0201">
  <fileHeader companyName="Unknown" productName="Unnamed" productVersion="1" creationDateTime="2022-01-15T19:10:31"/>
  <contentHeader name="Unnamed" modificationDateTime="2024-12-08T21:44:57">
    <coordinateInfo>
      <fbd>
        <scaling x="10" y="10"/>
      </fbd>
      <ld>
        <scaling x="10" y="10"/>
      </ld>
      <sfc>
        <scaling x="10" y="10"/>
      </sfc>
    </coordinateInfo>
  </contentHeader>
  <types>
    <dataTypes/>
    <pous>
      <pou name="Counter_UP" pouType="program">
        <interface>
          <localVars>
            <variable name="Count_Down" address="%IX0.1">
              <type>
                <BOOL/>
              </type>
              <documentation>
                <xhtml:p><![CDATA[PB_Switch1 (GPIO18: ESP32)]]></xhtml:p>
              </documentation>
            </variable>
            <variable name="Load_Value" address="%IX0.2">
              <type>
                <BOOL/>
              </type>
              <documentation>
                <xhtml:p><![CDATA[PB_Switch2 (GPIO19: ESP32)]]></xhtml:p>
              </documentation>
            </variable>
            <variable name="Count_Loaded" address="%QX0.0">
              <type>
                <BOOL/>
              </type>
              <documentation>
                <xhtml:p><![CDATA[LED (GPIO2: ESP32)]]></xhtml:p>
              </documentation>
            </variable>
          </localVars>
          <localVars>
            <variable name="Done_Bit">
              <type>
                <BOOL/>
              </type>
            </variable>
          </localVars>
          <localVars>
            <variable name="Conveyor_Motor" address="%QX0.1">
              <type>
                <BOOL/>
              </type>
              <documentation>
                <xhtml:p><![CDATA[Motor (GPIO4: ESP32)]]></xhtml:p>
              </documentation>
            </variable>
          </localVars>
          <localVars>
            <variable name="CTD0">
              <type>
                <derived name="CTD"/>
              </type>
            </variable>
            <variable name="Preset_Value">
              <type>
                <INT/>
              </type>
            </variable>
            <variable name="Count_Value">
              <type>
                <INT/>
              </type>
            </variable>
          </localVars>
        </interface>
        <body>
          <LD>
            <leftPowerRail localId="1" height="200" width="10">
              <position x="190" y="90"/>
              <connectionPointOut formalParameter="">
                <relPosition x="10" y="20"/>
              </connectionPointOut>
              <connectionPointOut formalParameter="">
                <relPosition x="10" y="60"/>
              </connectionPointOut>
              <connectionPointOut formalParameter="">
                <relPosition x="10" y="100"/>
              </connectionPointOut>
              <connectionPointOut formalParameter="">
                <relPosition x="10" y="140"/>
              </connectionPointOut>
              <connectionPointOut formalParameter="">
                <relPosition x="10" y="180"/>
              </connectionPointOut>
            </leftPowerRail>
            <contact localId="2" height="20" width="21" negated="false">
              <position x="250" y="100"/>
              <connectionPointIn>
                <relPosition x="0" y="10"/>
                <connection refLocalId="1">
                  <position x="250" y="110"/>
                  <position x="200" y="110"/>
                </connection>
              </connectionPointIn>
              <connectionPointOut>
                <relPosition x="21" y="10"/>
              </connectionPointOut>
              <variable>Count_Down</variable>
            </contact>
            <block localId="4" typeName="CTD" instanceName="CTD0" height="80" width="50">
              <position x="460" y="80"/>
              <inputVariables>
                <variable formalParameter="CD" edge="rising">
                  <connectionPointIn>
                    <relPosition x="0" y="30"/>
                    <connection refLocalId="2">
                      <position x="460" y="110"/>
                      <position x="271" y="110"/>
                    </connection>
                  </connectionPointIn>
                </variable>
                <variable formalParameter="LD">
                  <connectionPointIn>
                    <relPosition x="0" y="50"/>
                    <connection refLocalId="7">
                      <position x="460" y="130"/>
                      <position x="365" y="130"/>
                      <position x="365" y="150"/>
                      <position x="271" y="150"/>
                    </connection>
                  </connectionPointIn>
                </variable>
                <variable formalParameter="PV">
                  <connectionPointIn>
                    <relPosition x="0" y="70"/>
                    <connection refLocalId="6">
                      <position x="460" y="150"/>
                      <position x="420" y="150"/>
                      <position x="420" y="180"/>
                      <position x="360" y="180"/>
                    </connection>
                  </connectionPointIn>
                </variable>
              </inputVariables>
              <inOutVariables/>
              <outputVariables>
                <variable formalParameter="Q">
                  <connectionPointOut>
                    <relPosition x="50" y="30"/>
                  </connectionPointOut>
                </variable>
                <variable formalParameter="CV">
                  <connectionPointOut>
                    <relPosition x="50" y="50"/>
                  </connectionPointOut>
                </variable>
              </outputVariables>
            </block>
            <rightPowerRail localId="5" height="200" width="10">
              <position x="740" y="90"/>
              <connectionPointIn>
                <relPosition x="0" y="20"/>
                <connection refLocalId="9">
                  <position x="740" y="110"/>
                  <position x="691" y="110"/>
                </connection>
              </connectionPointIn>
              <connectionPointIn>
                <relPosition x="0" y="60"/>
              </connectionPointIn>
              <connectionPointIn>
                <relPosition x="0" y="100"/>
              </connectionPointIn>
              <connectionPointIn>
                <relPosition x="0" y="140"/>
                <connection refLocalId="11">
                  <position x="740" y="230"/>
                  <position x="691" y="230"/>
                </connection>
              </connectionPointIn>
              <connectionPointIn>
                <relPosition x="0" y="180"/>
                <connection refLocalId="12">
                  <position x="740" y="270"/>
                  <position x="691" y="270"/>
                </connection>
              </connectionPointIn>
            </rightPowerRail>
            <inVariable localId="6" height="30" width="30" negated="false">
              <position x="330" y="170"/>
              <connectionPointOut>
                <relPosition x="30" y="20"/>
              </connectionPointOut>
              <expression>10</expression>
            </inVariable>
            <contact localId="7" height="20" width="21" negated="false">
              <position x="250" y="140"/>
              <connectionPointIn>
                <relPosition x="0" y="10"/>
                <connection refLocalId="1">
                  <position x="250" y="150"/>
                  <position x="200" y="150"/>
                </connection>
              </connectionPointIn>
              <connectionPointOut>
                <relPosition x="21" y="10"/>
              </connectionPointOut>
              <variable>Load_Value</variable>
            </contact>
            <outVariable localId="8" height="30" width="100" negated="false">
              <position x="610" y="160"/>
              <connectionPointIn>
                <relPosition x="0" y="20"/>
                <connection refLocalId="4" formalParameter="CV">
                  <position x="610" y="180"/>
                  <position x="560" y="180"/>
                  <position x="560" y="130"/>
                  <position x="510" y="130"/>
                </connection>
              </connectionPointIn>
              <expression>Count_Value</expression>
            </outVariable>
            <coil localId="9" negated="true" width="21" height="20">
              <position x="670" y="100"/>
              <connectionPointIn>
                <relPosition x="0" y="10"/>
                <connection refLocalId="4" formalParameter="Q">
                  <position x="670" y="110"/>
                  <position x="510" y="110"/>
                </connection>
              </connectionPointIn>
              <connectionPointOut>
                <relPosition x="21" y="10"/>
              </connectionPointOut>
              <variable>Done_Bit</variable>
            </coil>
            <contact localId="10" negated="false" width="21" height="20">
              <position x="260" y="220"/>
              <connectionPointIn>
                <relPosition x="0" y="10"/>
                <connection refLocalId="1">
                  <position x="260" y="230"/>
                  <position x="200" y="230"/>
                </connection>
              </connectionPointIn>
              <connectionPointOut>
                <relPosition x="21" y="10"/>
              </connectionPointOut>
              <variable>Done_Bit</variable>
            </contact>
            <coil localId="11" negated="false" width="21" height="20">
              <position x="670" y="220"/>
              <connectionPointIn>
                <relPosition x="0" y="10"/>
                <connection refLocalId="10">
                  <position x="670" y="230"/>
                  <position x="281" y="230"/>
                </connection>
              </connectionPointIn>
              <connectionPointOut>
                <relPosition x="21" y="10"/>
              </connectionPointOut>
              <variable>Count_Loaded</variable>
            </coil>
            <contact localId="3" negated="false" width="21" height="20" executionOrderId="0">
              <position x="260" y="260"/>
              <connectionPointIn>
                <relPosition x="0" y="10"/>
                <connection refLocalId="1">
                  <position x="260" y="270"/>
                  <position x="200" y="270"/>
                </connection>
              </connectionPointIn>
              <connectionPointOut>
                <relPosition x="21" y="10"/>
              </connectionPointOut>
              <variable>Done_Bit</variable>
            </contact>
            <coil localId="12" negated="false" width="21" height="20">
              <position x="670" y="260"/>
              <connectionPointIn>
                <relPosition x="0" y="10"/>
                <connection refLocalId="3">
                  <position x="670" y="270"/>
                  <position x="281" y="270"/>
                </connection>
              </connectionPointIn>
              <connectionPointOut>
                <relPosition x="21" y="10"/>
              </connectionPointOut>
              <variable>Conveyor_Motor</variable>
            </coil>
          </LD>
        </body>
      </pou>
    </pous>
  </types>
  <instances>
    <configurations>
      <configuration name="Config0">
        <resource name="Res0">
          <task name="task0" priority="0" interval="T#20ms">
            <pouInstance name="instance0" typeName="Counter_UP"/>
          </task>
        </resource>
      </configuration>
    </configurations>
  </instances>
</project>
